id,x,y,z
1,461.34095940866274,132.5818285874743,505.74838700000015
2,157.99964979378856,-305.95560051958074,505.22120599999994
3,444.2592063313129,177.3454712431226,505.93911099999985
4,139.56572100088115,-81.14116965370253,506.8650600000004
5,91.9816029569076,-275.68967693813147,506.51747999999975
6,223.7267132614716,-69.14862335102633,506.147594
7,237.2002299973194,-66.71436625586823,505.40963899999986
8,453.88667210566115,181.0925890460331,505.9580809999996
9,409.9716863732808,67.79778512989171,503.5743329999996
10,96.61596042283927,-149.51382365795783,506.731551
11,164.3574082999723,-174.80983995552174,505.4486229999999
12,232.16480601117016,-162.7969905712642,504.93956599999984
13,300.007582734935,-171.96060117023998,503.97847500000006
14,99.50663990655099,-126.65232798757962,507.4265070000001
15,386.28912550548444,-24.648195765865967,504.0534310000003
16,364.08363340461625,-34.00562912981026,504.84459899999973
17,103.50608562816517,-134.70516353874467,507.04353700000013
18,21.39692877949099,-280.6997267025709,506.3319839999995
19,213.45564524577233,-223.06613304845058,505.3584139999997
20,165.6931350215373,-204.34883448780514,504.74802500000004
21,117.85022839813726,-297.8599571456574,505.999086
22,157.7326202103484,-235.90288124178537,505.7788679999996
23,193.93988545180065,-311.9389550444484,505.4691259999999
24,157.58273221664365,-228.12204738435335,504.54330000000016
25,154.5888753793901,-476.1835645678546,508.1485739999997
26,65.32101081508445,-200.3532771963533,507.37725399999994
27,179.45412976602557,-239.61249633159488,504.23850799999985
28,156.8860167477734,-285.44416181010195,505.37678400000004
29,81.26363543200772,-189.4122924191691,507.15598000000034
30,325.38497774855233,-49.34185580244288,505.04221499999966
31,374.64492394015076,-7.580078087961301,505.28661499999987
32,177.792023609241,-331.3083329015039,506.23067599999996
33,154.26538397616824,-364.93593263982797,505.9196339999999
34,183.44283405347377,-51.05214385716245,508.2259140000003
35,184.20111862642923,-267.9459777384158,504.846125
36,159.6910654733691,-422.97857795872727,506.6233800000002
37,175.72333976595198,-386.34633229369297,505.71244199999984
38,272.61776581281794,-121.68381508794613,504.88229400000023
39,407.54847754021057,69.54926200948655,504.6476559999999
40,13.675055062286555,-210.23349795549177,507.8053610000001
41,413.78890521641586,96.0424340217188,505.23519799999957
42,260.47177096981204,-98.28552034945227,504.56389199999984
43,165.843702760319,-470.713273441894,506.68518199999994
44,418.99320316342636,129.96933714432643,506.79538399999984
45,316.76449275446123,-128.93093776013703,504.5554900000001
46,163.054126813662,-437.91599624332974,506.6837179999999
47,215.41447229958953,-50.34717024601996,506.433798
48,233.2930854088324,-138.81093612958676,505.08865299999997
49,197.5532276606781,-200.4486101666186,505.80068600000004
50,85.06946992103941,-270.1670574798435,506.83186999999975
51,42.01937285129796,-307.62960233393125,505.5622460000001
52,87.50476620631059,-240.46005519712344,506.39815899999974
53,440.3388007958385,142.9489630347863,505.7706579999998
54,79.69854390650872,-232.1257541519217,506.5153250000006
55,111.48538768852944,-249.83672417127528,506.9189659999998
56,153.9420676318067,-309.1295918719098,504.6346540000002
57,195.4954656393209,-95.59215906010941,505.7606929999996
58,142.76606002909946,-318.1030880570691,506.3645740000001
59,200.1437576790969,-208.8524480709713,505.4989160000001
60,264.7364213080914,-174.32320536657235,505.045211
61,91.5281097563624,-158.28340725097806,505.9827600000001
62,440.0750573505904,88.33537466235458,503.766235
63,105.41964008556911,-122.01767118354329,506.86673100000013
64,141.01871965209023,-228.73836083253846,506.719563
65,464.74007398492654,140.08982234137133,506.0888179999994
66,44.992811988728356,-229.33484822538682,508.7223639999995
67,292.1671732801595,-122.68646974909119,504.5936549999996
68,160.3189701853099,-168.71259402710945,506.32681300000024
69,170.78698903287645,-246.36291793833487,504.247717
70,244.44958658117685,-147.66472096870655,505.559111
71,140.91492152994732,-424.46054391095413,507.1156449999997
72,168.98022635688656,-390.69763551400973,506.601714
73,197.98262770568138,-49.418450203724205,508.0757269999997
74,453.3069930306717,165.11991263597272,506.18784999999957
75,158.5227371931786,-449.1211078895535,507.9075679999997
76,125.09097587656113,-382.82130856568926,506.6816699999997
77,417.20049340743105,100.10711230377666,505.2104310000002
78,104.96192165668239,-211.31024846794082,506.5086679999997
79,468.707588509327,189.41066230343654,505.6343639999996
80,179.6667526539415,-273.82842620304785,504.59995500000014
81,154.88321088125696,-248.7032864852529,504.3054309999998
82,147.665862198869,-322.887499964647,504.75063900000015
83,179.56763635073673,-211.13403341976925,505.0935950000002
84,72.83276304763277,-228.17418668541126,506.2500329999999
85,240.08715549199493,-184.31809811779297,504.9885629999997
86,283.32904011000414,-210.34718920814805,505.20015800000016
87,242.52906234592083,-245.6070415137708,504.79659499999997
88,10.450722250522812,-292.57495457393117,505.3218450000002
89,78.46210875028511,-297.4675502495561,505.5448870000001
90,423.8755224823602,175.90562370527536,506.8463029999999
91,167.9485091813025,-457.4614379233494,506.430055
92,144.65453853476444,-484.48212978727184,507.60954999999956
93,133.01290957969962,-233.91301911882124,505.01918700000004
94,26.272292483340717,-290.8057910294458,506.9051629999998
95,427.0195981190063,108.13589972807094,506.375056
96,191.30774896824616,-94.63424923752434,506.42217100000033
97,159.28059298005073,-227.68028884393163,505.20212500000014
98,19.910590159387795,-286.6599537944701,505.7712769999999
99,419.25748902233784,96.15824242594653,504.6712079999999
100,309.57270686964387,-119.7545163936261,504.3769979999999
101,271.60566197492415,-184.88163400600664,504.839281
102,161.49873390583437,-315.50368648067115,505.018484
103,206.2739452306903,-214.40350340769626,505.22859800000015
104,310.27104123211234,-68.15586726232432,504.710824
105,326.123415831445,-106.28182773571461,504.6699650000001
106,114.6793641656742,-124.20553700026124,506.18466300000006
107,452.0114586039132,182.0727022715658,506.51059599999957
108,178.1361285121867,-320.85435855215417,504.2485809999999
109,112.03179430708406,-225.05949447574093,505.71826100000015
110,163.55792080448708,-219.96425271811896,505.18650300000013
111,271.94386737991937,-166.60568145264872,503.477763
112,168.21575067805125,-297.1315792264324,504.97286500000007
113,158.66502690306282,-159.99681543536485,506.768892
114,253.26602485884564,-218.02109468827024,504.0639169999998
115,271.9906407409278,-86.23799371518194,504.6499709999999
116,282.13506286437274,-148.58288416483438,504.6368569999998
117,297.6903497463034,-109.07628078060225,503.7906349999996
118,216.04381053456223,-228.36047154610046,504.40401199999985
119,299.6522171479673,-138.9500509904418,504.6240109999999
120,286.1096158148872,-130.3469417699147,503.8324560000001
121,161.7429078789102,-382.06937844906935,506.1186499999999
122,67.2743276787724,-190.15024755736812,507.608042
123,184.8046109787689,-287.75736321235075,504.05458400000026
124,87.02270316301961,-138.1659666369669,506.72240400000015
125,244.88669858512236,-124.79132521731779,504.7972610000004
126,126.09441962085664,-180.57857381648384,505.555737
127,160.4747226099251,-507.6427765045408,507.7054319999996
128,188.4204026449728,-223.5611750857346,504.84082200000006
129,162.6092554810003,-308.08102037779986,506.7603049999996
130,357.1246360912558,-55.458384043034165,504.2672459999999
131,182.22246846383553,-115.75115321816877,505.3964380000002
132,420.4585680248891,162.82538975721226,506.2420709999998
133,146.295900571323,-322.1467427142244,504.91172199999994
134,448.20813511017946,138.36817127702759,506.34287500000005
135,149.87230852683308,-136.81797945177183,506.14499600000016
136,335.9310676222865,-100.29102092683316,504.39538499999986
137,307.45869316032275,-129.0253344693128,502.9583840000001
138,321.23064439715466,-102.62269069460221,505.7539569999997
139,168.67729174145381,-288.53370951100254,504.7433420000001
140,146.75453196835238,-297.0880297335796,505.0633090000002
141,444.85908413075146,179.90084963588043,507.44799599999953
142,112.41075275351992,-355.87959289850664,506.802523
143,26.605844663381575,-214.11494034152477,508.2134089999997
144,438.1146923069144,151.06324601422995,506.4817389999996
145,152.8211236750707,-460.0181562151574,507.3949939999999
146,150.6660897336912,-404.9697923437133,506.5331519999998
147,188.76721150152036,-350.18461574428716,504.24867300000005
148,190.66602854620783,-275.43188039623203,505.9025600000001
149,340.44957285819925,-51.87360638517887,503.9788429999999
150,428.8097429043823,167.60027670723386,506.4442499999996
151,64.89735197096132,-182.57092781799847,506.6049790000002
152,323.2445690910588,-93.73875535116531,504.0959009999999
153,431.43765977372766,70.73790464095771,505.22985300000016
154,217.6857260546484,-267.06144100015985,504.6510699999999
155,202.88509907440633,-197.9286896117963,506.44254599999994
156,284.86970295992796,-70.3955688181892,504.45841600000006
157,439.50766412251045,91.53089780026116,505.00970300000046
158,88.06762431108858,-149.71789637100883,507.0125900000002
159,219.14235882804496,-146.27939675125293,505.8215689999999
160,155.17196854076582,-318.81973824731074,505.1446420000001
161,202.13377853665034,-222.31723632948473,504.1687089999998
162,283.69468807988335,-145.44179094362073,504.6318780000001
163,124.51319432190968,-164.3613297249563,506.3103780000001
164,287.85614452776497,-106.74112393976189,503.5335649999999
165,399.1544169024972,96.89024863556027,506.5499719999997
166,158.3683576801361,-233.68795947528443,505.3978739999997
167,48.60926673535956,-270.4650710027665,506.37803699999995
168,488.39794068711694,177.14969367174433,505.868861
169,190.34235404984676,-275.1698706787359,504.7283719999998
170,198.2387431067275,-290.0776321643591,505.4782969999998
171,288.69818281039596,-161.8441946033109,504.554105
172,140.3569919927581,-268.827799096657,504.48657800000007
173,471.7016932813567,193.70885215513408,506.08260199999967
174,164.7592313583009,-52.15881025266834,508.84571199999976
175,180.73622811809764,-359.6179930191301,505.81052800000003
176,172.8527602450864,-378.5319375834335,505.8895810000002
177,367.35791615356925,-31.32787738421932,503.8136159999998
178,271.8108394379588,-49.44415958261117,505.49366099999986
179,407.571271599594,48.94938997480087,503.7311800000001
180,214.31191862919368,-292.05563201267273,504.1786130000001
181,60.88895014866255,-271.16146926092915,505.4291209999997
182,188.10687678166897,-43.24928450868465,508.6686019999998
183,169.78389880139264,-328.1199962915946,505.0670990000002
184,456.87954540220557,205.23917893891223,506.29274699999985
185,438.1119738254312,142.16236789976247,506.5076939999997
186,111.97554142264649,-211.8885299152881,505.7328239999998
187,249.72794340929133,-220.93379797793924,504.1471590000001
188,198.67328792253045,-319.85304045403376,504.6820189999998
189,338.5364971921465,-70.10063205890357,504.14257600000025
190,238.20099979321355,-141.91234499338083,505.4090089999998
191,175.5595634491241,-241.54498076044953,505.6366359999997
192,203.23313343320856,-117.71940460723825,504.3913120000001
193,224.63193098310265,-171.24842768763193,504.411217
194,197.09855593900312,-298.63191791637803,505.81555099999986
195,277.94856455557283,-186.75609247442335,504.69737999999984
196,157.252508155111,-405.091875477545,506.2841989999998
197,168.61154507541332,-321.15363524940796,504.3038620000003
198,157.63435188200907,-437.341346422201,507.1249299999999
199,275.57817050849786,-184.27560275263153,505.670185
200,167.17734829195425,-330.59779176043344,505.5356719999999
201,159.58788960192354,-329.6641035286058,506.15362500000015
202,153.06923837793175,-241.4809836323466,504.3050450000002
203,173.24617081428178,-433.3913723788969,506.3805189999998
204,174.89102384601253,-149.69087489186785,506.0216539999998
205,92.19898330446449,-111.96296556933783,507.48799900000057
206,179.98742686711833,-254.82496972247958,505.128003
207,316.6290565928759,-97.42734792817384,503.74011000000013
208,248.26705130789546,-216.75455111521296,505.2189079999999
209,56.94324925341411,-249.35191095529123,506.9872369999997
210,158.62737314543688,-302.9509178985283,505.0039750000003
211,149.10135459259385,-159.35693978221155,505.8471790000003
212,163.20792199970106,-98.23624987732619,506.15932100000015
213,149.41748601791332,-436.9108319128305,507.2057129999999
214,156.9293899048923,-472.06931781139224,507.4588839999999
215,255.14713888994768,-230.52065538599155,503.84632400000004
216,433.8811609960336,103.40827284568921,506.0030389999998
217,460.4202460729901,181.91138178390452,505.5138339999996
218,123.09805972250876,-198.22781174827367,505.98092699999984
219,216.8118018678366,-185.31499621755444,504.9936099999998
220,79.22499073456973,-219.30111731020733,507.0295669999999
221,154.03998960830387,-103.51470751567744,506.4974090000004
222,106.58185728728539,-129.849276644364,506.76197200000047
223,70.1695639091602,-192.7552644775342,506.715635
224,85.92565144230146,-143.67957930602134,507.1151330000004
225,255.5280478905444,-227.54158651632258,505.155876
226,401.7955003471125,61.40612617040984,506.041303
227,155.74659281944622,-438.4560989127029,506.6270619999998
228,482.1369614429295,192.16094205169938,506.70078699999976
229,455.41610139626425,180.09734107894823,506.5567979999999
230,63.24010873117018,-277.2414810878318,506.67069899999996
231,160.51990858645877,-371.1563402930926,505.066688
232,137.2244890789641,-496.67516165454873,508.0016269999999
233,391.657997980722,44.38174701696262,506.17718899999994
234,325.8929094879981,-103.5909672202263,505.4217259999999
235,4.33966789006372,-198.41454138871282,507.78224999999975
236,98.88618779206764,-137.772033034442,506.50277300000016
237,359.5353937442962,-22.071085436604918,505.6039829999999
238,144.18034979844583,-135.08753842856734,506.0519230000004
239,447.20578691129924,109.87112102123909,505.9232409999997
240,450.4203046519228,199.06567775358445,505.5246669999997
241,98.6776597318938,-249.34940462148748,505.59948599999996
242,451.25001400452925,123.46103025901131,506.66025
243,102.30578150490997,-134.95930176740512,508.8544109999997
244,284.8084751439735,19.44787369247526,507.7205539999999
245,103.89455388481264,-132.2676528800931,506.9306560000003
246,161.6040844047896,-106.58935843222774,506.8202940000003
247,292.1044531167182,-115.44734755156561,504.00922299999996
248,141.8105697596667,-364.84684771246276,506.41364799999997
249,287.23701912133254,-184.13004859368317,504.8185440000001
250,150.96442407441558,-474.0724643923156,507.25008999999983
251,249.0580507660762,-235.52588929831052,504.58789500000006
252,257.72664963023504,-210.19132505546324,504.5524269999998
253,314.047518628554,-87.59732389470562,505.0307980000001
254,136.02734103001538,-346.52348164246416,505.5901969999999
255,320.66944701012574,-74.55921058487147,504.6190979999998
256,193.26975365936406,-357.2007153892238,504.0710149999999
257,240.5560714690911,-242.57320247113705,504.477763
258,188.83964089039364,-92.79250654055737,506.6793459999997
259,232.8690718819108,-225.99679320684635,504.60842399999984
260,123.73181561248028,-109.35183737603016,506.89004000000057
261,233.90457602289737,-268.10673669165,505.5714069999997
262,77.62125362790422,-230.2149938759394,506.420343
263,149.8975521975977,-490.6160933923628,507.66284599999983
264,409.6148049914662,93.21353390055708,506.6195919999998
265,143.56439631014945,-368.26040519816803,506.36693399999996
266,164.16393098320464,-313.2748620126117,506.54776699999996
267,428.89610573003415,139.9960171891935,506.4266339999998
268,441.22938444074595,167.864592607636,506.3317889999996
269,187.37708914631278,-115.55013725374825,505.77442699999983
270,413.42970100663604,102.13005491732619,506.4981599999999
271,454.986034899113,196.80862756542862,506.5818779999996
272,358.94474078508324,10.904125883551314,505.234862
273,250.91738550154025,-114.89428622539155,504.57869400000004
274,377.76554247952765,-2.1734382742550222,502.1297810000004
275,398.6388443207974,93.74311530596577,504.65744099999984
276,162.94849437238764,-307.6176288642548,504.57936399999977
277,164.26565314992098,-308.53601556216364,505.58569300000005
278,147.51075474199607,-224.07715512766504,505.8957460000001
279,149.02820800324787,-428.3281125061587,506.7237869999995
280,318.26722896107935,-132.5983688307833,504.91310899999996
281,105.73713675121544,-125.14476829908789,509.0718629999997
282,251.9058744030993,-90.49416522814892,505.084373
283,155.91119029011693,-339.3227428216487,506.1520109999999
284,174.38511118497817,-286.9691735421959,505.6809309999997
285,186.7445118300419,-276.00450758169404,505.4468969999998
286,335.6636656737083,-81.31114444253035,504.4411430000002
287,153.1659695253789,-294.7666732952837,505.6700669999997
288,89.09816051346134,-161.91426186243072,506.7783630000001
289,148.48123738900642,-83.79768094434402,506.49646300000035
290,106.2864717650041,-367.74071124572305,506.3607989999998
291,89.66646843428724,-347.32623673599215,506.3853059999998
292,476.72961415538214,164.18210129631683,506.5064770000001
293,437.22124546892707,169.8325504419394,505.2945419999994
294,391.123742234552,71.49179289989173,507.10686299999963
295,366.4216503882001,13.448014504667372,505.7065219999996
296,310.466205444854,-124.13141001432203,504.6444899999999
297,147.49997958613676,-453.5289114760607,506.7591309999999
298,134.07331624995683,-153.23494853479787,506.2945790000002
299,181.9216369266447,-75.49029685520567,506.15708
300,259.86691747968433,-186.68109483215028,504.45646199999993
301,314.8954482742795,-78.41457887272351,504.99056199999984
302,463.5782656505599,171.59646113826892,506.07500500000003
303,212.0864022674167,-293.2358660834935,505.6597580000001
304,381.54071121117215,30.818554584234953,505.22935900000004
305,438.06103734831095,154.87310110658407,506.7224140000001
306,145.1940734133334,-536.5261468462926,508.54422399999953
307,438.45732004051797,135.70748350504786,505.7505750000001
308,162.90362722169374,-429.8215871331189,505.8645689999999
309,197.4569221865607,-68.43283158561215,507.1003680000001
310,247.28797562025022,-14.172466129129752,507.3581050000002
311,434.3170496335358,121.38761960390023,505.1187050000001
312,174.95774370164727,-394.17630096525886,505.8409560000002
313,181.94715318897738,-322.98699829671534,505.3740569999999
314,401.0241083305166,47.29162929145619,506.46578
315,234.21407524878043,-136.52609499325044,505.2558619999997
316,302.3442832472059,-153.02467670455576,504.49972599999995
317,402.0753297933272,117.32648621624335,506.7101859999999
318,75.21880264940904,-299.4648702162411,505.8897609999998
319,356.2739475956047,-22.786638132976368,504.67882099999986
320,267.13035102901745,-99.76360448651016,504.091762
321,417.4446814516373,102.35430839747191,505.2686699999997
322,189.73412890100735,-289.75062678828834,505.1171439999998
323,172.55902985864202,-470.0699563057814,506.70556
324,226.2361335213622,-257.82463189280594,505.2186299999997
325,178.3632734422758,-73.55196468528361,508.14773
326,440.2011997531692,114.3725006981846,505.3224170000001
327,268.60926081967887,-154.90938289744778,505.351311
328,183.04394265984186,-299.363035678491,504.00235399999997
329,119.44288613280747,-346.5526958854217,506.3245539999999
330,221.62595015109167,-241.77197297181934,505.36221699999993
331,145.05014855744085,-328.980822936045,504.8823749999999
332,15.17840833192109,-258.0126803047396,505.96919800000035
333,426.9176888264925,86.52898972821421,505.8749219999999
334,157.44487913676537,-255.46119373441672,504.4545440000001
335,170.0498621305928,-262.96213328222746,505.73926800000004
336,-22.321739324462833,-206.4283942223899,508.0306909999996
337,160.10494132919703,-337.48457726542836,506.07490299999995
338,424.12342785083456,98.71094658087007,505.88345799999996
339,215.45787525078165,-252.9446968715638,506.07454199999984
340,458.1577235854638,138.32532342401333,506.4935489999999
341,264.21002125725846,-197.6891479411535,504.11926000000017
342,430.7561712019145,179.1110187285114,505.8400269999995
343,189.19415812036488,-119.04282104942017,505.66805599999975
344,166.8507510469691,-253.38611293167807,504.01782199999997
345,157.6400758326694,-350.7878426614683,505.12287000000026
346,394.5100026930147,3.652519831908867,503.88314000000037
347,448.65013364199314,186.22841583993286,506.9239989999998
348,218.88402979606414,-201.1161533414293,504.62289799999985
349,136.43636800185894,-298.38763489408416,504.87044599999996
350,112.68652368143084,-255.31288638914936,505.75014800000014
351,163.37095612063888,-252.95022770721465,504.08826400000015
352,318.4741324451228,-90.55593289784156,503.4784529999999
353,387.4313648794673,9.648140268931165,505.04646900000006
354,244.03924904322486,-140.68229559537022,505.23539199999993
355,192.3792982083885,-344.42809330996124,504.61574700000017
356,111.98836477745441,-124.48026074594819,506.7678660000002
357,169.5511413248419,-212.3950005671568,505.39638499999967
358,223.0153921656334,-78.21441021353006,505.6602999999999
359,206.42696619518682,-116.71500196186825,505.4323470000003
360,365.75517268974215,1.9326523340400308,505.151257
361,248.86032259190804,-187.16600478788837,505.113804
362,217.31560876402654,-192.2703734249994,505.224486
363,2.675314321841579,-281.43652652533723,505.9638829999999
364,176.89726838114206,-354.6961697570886,506.09793299999967
365,170.7485891737859,-408.6079635812901,506.25722299999995
366,246.3513600024092,-225.04327224794775,504.44142300000016
367,-25.188066171406536,-206.1809410325624,508.36816299999936
368,190.03943025128567,-285.59595845217814,504.7314819999999
369,107.72060118754743,-118.96856062957086,506.79647900000003
370,101.7815991600568,-186.23047183222138,506.37387200000006
371,228.02880022117404,-233.33001967056654,505.5167609999998
372,467.22027838772163,197.92808916116132,506.4122379999998
373,215.92701247008284,-211.21033093065023,505.13499999999976
374,190.99662603253964,-52.686735965646804,508.2176510000001
375,433.3142543405539,108.83567497625947,506.34945800000014
376,469.67895747010715,171.27443951870316,505.9877659999997
377,168.31398419097414,-267.0098109717481,504.02963800000003
378,64.54759789031581,-176.22829136564397,507.3543270000004
379,191.09866176579033,-87.57509269310161,506.6354639999995
380,437.3566817137122,146.85152689707465,505.6517039999998
381,170.4332787030621,-182.4734076432418,506.3254929999998
382,180.28909580480658,-301.1244522725977,504.88400199999995
383,263.4081065421121,-122.00968405183404,504.9669910000003
384,247.53864477413822,-39.93891369103454,506.45685299999997
385,48.901245355975114,-233.2369117107056,508.6613759999997
386,441.4463174236659,169.60425057839603,506.60552799999977
387,128.37916779377846,-270.56867465193386,505.06770899999987
388,206.5255527576781,-181.58020326028577,505.057712
389,222.3957007407036,-160.23185482347384,506.08847300000014
390,267.9106452821498,-151.37924642654136,503.89058299999965
391,7.775392300756648,-296.36989509072157,505.6704019999999
392,267.79159797773815,-126.6659015523456,504.80936700000007
393,334.90587070089066,-35.882509423578156,506.07232000000016
394,365.4194203698251,5.9111968018487095,504.741827
395,337.0315571164829,-78.12337826292962,503.3995570000002
396,108.89511396713323,-117.51704985594377,507.2268319999997
397,191.39424637628252,-327.0867152120173,505.41151300000007
398,174.6176707241498,-328.0015603514947,506.311189
399,174.030166670864,-343.37941284487954,505.4268630000001
400,102.61599803547492,-124.97396510825493,507.0611290000004
401,310.4191892794089,-106.05702940025367,504.34091000000024
402,171.8281317978946,-343.10851309287364,505.6101020000001
403,85.45928604652872,-127.08658754224889,507.37447600000036
404,106.11716262810165,-125.51871794941835,507.2734620000002
405,261.90269016308014,-97.59553025478498,505.4089950000001
406,406.2658419224445,129.3200421688147,505.3905279999997
407,120.3991205978964,-428.4045890409034,507.1407159999997
408,415.42329661772817,71.44309396997095,505.76497800000004
409,176.0988716598996,-143.06812952392735,506.13175400000017
410,410.8721282991208,120.31201995891519,507.51534499999997
411,135.54574342527775,-275.63777448215524,505.8353160000004
412,262.2088987243944,-188.36079427457415,504.9144549999999
413,132.13352839049068,-379.15950395849535,506.538668
414,164.33034329134972,-437.11414294052867,506.47745499999996
415,124.77622133146505,-431.4275443241559,507.52124199999975
416,179.47792565068696,-275.4464769542403,504.73857999999984
417,289.52593397224086,7.739221380865201,506.4080480000001
418,21.22441933831782,-205.48167060917243,507.7028949999998
419,118.06389646894532,-367.73843397361225,506.6972589999999
420,289.94371302437617,-89.39667019017972,504.06822299999993
421,319.42136356988107,-114.91137910954654,504.3555160000001
422,198.0634964479669,-223.43647553530522,505.9268510000001
423,156.217442335682,-460.7115144041833,507.15022199999976
424,128.22090375016094,-466.5477880636044,507.4449129999998
425,452.82780780368836,148.92233114320786,506.6402079999996
426,152.64337213560472,-241.34187989109196,504.094806
427,394.75905341538487,24.724488830706104,503.490646
428,150.32641997569706,-515.470222163219,507.7104639999996
429,205.98198091079132,-171.12637124062516,505.16172999999986
430,449.25045504391545,185.01508015135303,507.54751699999974
431,238.2565686091117,-162.13117981331422,505.1175039999999
432,218.84555627906462,-211.902034539124,505.1975069999999
433,127.58018165430171,-150.401218105983,505.47049799999985
434,287.4746465819806,-132.36218524693513,504.398129
435,198.77645469436888,-323.8490692121349,506.4120919999999
436,366.2163535062503,-4.753934489134699,504.7703109999999
437,451.8494565236114,177.51401050543413,506.48219299999977
438,406.75278257052065,86.80031646871939,504.57522000000006
439,87.54749350602506,-251.79277970075609,506.577023
440,57.34237900999957,-254.48173767091706,507.38253299999997
441,213.5722389805573,-230.66025172088294,504.680722
442,99.61017376334989,-140.27784962459467,507.37632900000006
443,102.00084511276684,-357.7002330224123,506.63969699999967
444,194.22699666305095,-259.30628983486446,505.30998299999993
445,393.1204942248447,97.55693560936488,506.25509499999987
446,199.4978602486616,-214.552181032151,504.79080799999997
447,245.2060836365365,-240.77420866360887,504.7223839999999
448,179.23099458931247,-124.56051012448034,505.97247200000004
449,145.68690166330197,-262.74923391591756,505.75478300000003
450,271.6785996578541,-196.74457261417993,506.0915709999998
451,-0.9533521772094536,-216.7051227466017,508.2683999999996
452,263.9803758143075,-139.5705564872641,504.7637550000001
453,185.5305030289036,-310.64965098196643,506.10149900000005
454,311.7358632798714,-114.87741573113017,504.6163639999998
455,174.0187578013353,-412.942404091144,505.86274899999984
456,160.47432399456855,-410.35751901239155,506.51366699999994
457,201.13252628757851,-271.57264474890195,505.0516029999999
458,181.5581234771153,-123.5648173776921,506.1121290000003
459,163.8652690453513,-401.0070586825348,506.46532699999995
460,183.96408616093336,-250.32031201915817,504.48350399999987
461,388.95372610487624,73.27552520358935,504.69831199999976
462,165.08640411846108,-342.7324507390894,506.3729759999999
463,254.8708549625054,-183.59627402747049,504.60928099999995
464,33.632027053460476,-222.08311874730512,507.39401699999996
465,313.2616377067007,-112.74362178333104,504.6618829999998
466,120.19319248509827,-177.44041502946055,505.29338499999983
467,98.63976065428461,-268.0855674015917,505.7017379999999
468,443.8832837078138,192.1991908826027,506.8082939999999
469,116.56708907515043,-462.48573620594107,507.36890299999953
470,145.80174733524328,-339.8781714878138,506.29458699999975
471,119.20241660790052,-246.25869715753012,505.70123299999983
472,206.79799884040492,-332.66024304339663,503.7353910000001
473,286.81737421301546,22.872286027027293,507.4077739999998
474,144.6547729140683,-481.9847428843193,507.31748699999974
475,322.464680618014,-94.25825248868205,505.5268210000002
476,329.7927996135887,-45.362679747575896,505.0878289999996
477,299.2733891508181,-130.88011254765092,504.0995100000002
478,180.6790847470495,-225.32045451325365,504.95655899999997
479,108.44578348463284,-123.00506211707369,506.79328300000014
480,390.1814776683692,-1.4994068753812462,505.2429329999998
481,427.97032123513867,133.96132619060575,505.9712619999999
482,161.19007909559178,-407.20316690832374,506.2024819999999
483,88.06674510205863,-121.46014649310149,507.2318030000004
484,136.89433493952268,-383.08564114515667,506.089074
485,196.48400276689324,-61.83683193325065,507.17729200000014
486,8.185132063147613,-186.48254739537836,508.21058099999993
487,403.91711813844273,91.50062386931852,506.3987039999997
488,173.136268743088,-184.87922997177577,506.1180789999999
489,462.88438100509114,185.04623585773632,506.4856479999995
490,178.0015864048968,-277.25906990124844,504.31054600000004
491,74.13056601984543,-296.89346418660136,506.24691900000005
492,152.76993469820357,-325.13948855977503,505.2805969999999
493,64.55609586732928,-161.4931944739353,507.4489430000004
494,468.18123879437917,160.7977424862981,506.4048880000001
495,71.19965029666433,-183.77164621819742,507.2290080000001
496,448.26667290879067,148.38512621346862,506.6452909999994
497,287.4247582288424,-54.89347156163305,504.5498089999999
498,445.7825133565371,156.13682144041172,506.90478899999994
499,439.4308709864784,162.5628429681901,506.17862399999933
500,6.9630724265391475,-209.1403973411955,506.3246589999996
501,92.64100461077993,-169.47580264507792,506.2470120000001
502,448.4298876386485,190.88009992315435,506.2555659999999
503,410.8792456280964,107.02294859517366,506.8546599999998
504,107.56427204807056,-134.64370165505446,506.8889260000002
505,206.111811103893,-237.14388889982365,505.075507
506,447.18522173766627,143.83479408201762,506.5780589999998
507,341.93829700654254,-41.741623633001,505.47019099999983
508,350.0592967173294,-51.485520523954186,504.3543759999998
509,224.03837913748225,-107.83530870479531,504.99426500000004
510,65.69603951134951,-261.2723251092434,506.23200299999996
511,247.46309702589875,-206.08568033898248,504.9627169999998
512,136.88314794190578,-263.4391739728302,504.1990329999998
513,356.8521570392337,-36.872152054281905,502.46612700000003
514,147.35989783884958,-62.98675093137659,506.95383000000015
515,328.85674468349896,-92.32528769756668,504.41429899999986
516,40.7239137022919,-193.96901603523642,506.8288209999997
517,464.58639268764176,152.44922850579024,506.00003799999956
518,77.22638435227913,-225.32156090276317,506.82733499999995
519,160.54499125084257,-392.53926145641134,506.040871
520,87.07725872045033,-178.34938685288654,506.3201560000001
521,295.8324227207585,-151.14332081494854,504.55204399999985
522,319.99376503631936,-101.00040230480023,503.34688800000004
523,415.516906785873,123.7288999491185,506.5646609999999
524,143.52977502901106,-281.88014424512164,505.2875740000001
525,385.480675081996,54.12870399243198,506.30053999999996
526,9.71921445064363,-279.0928654967714,505.679587
527,476.97269310526667,174.42159286349082,506.1582669999996
528,302.63228622433263,17.37957244416699,506.0702410000001
529,149.4052338992851,-500.5918194740545,507.79704599999974
530,323.5636778548162,-112.3537089893315,503.73347700000005
531,171.45585539278224,-326.44898895667865,505.05712800000015
532,225.5687082999223,-169.60615200977773,505.1476370000001
533,271.0746260553249,-186.5912081893161,504.70118500000007
534,412.90704687982213,67.50890738231129,505.4777229999997
535,159.27607583974373,-135.38032467789017,506.1937160000003
536,-18.082565202800325,-171.26645460946486,506.52518399999985
537,419.6399534862675,104.48607303816826,506.25061299999965
538,253.35928818417713,-195.98011861300097,505.1550659999998
539,273.5329794740886,-71.82005255300551,505.02368600000017
540,426.052131383199,120.69962768212892,505.7605200000001
541,244.38425216685863,-216.42866436011158,505.06139599999995
542,169.00056874221306,-233.45247308361343,506.03700999999984
543,224.1451530169358,-243.62876590225846,505.12950099999995
544,183.71654380908237,-293.2347307832353,505.35033200000015
545,423.94412231975116,151.35380280533806,506.12450399999994
546,444.1175009275635,152.68072299961932,506.759687
547,51.81425643789582,-199.78934990194625,507.06659699999983
548,340.2827079701144,-58.54768377938308,504.30980899999975
549,314.43609074983283,-82.12823367416858,505.20880699999964
550,209.72217639481184,-223.47184108165092,505.44633100000016
551,224.5964776708372,-32.93858927017078,507.2975910000002
552,482.28292600794464,171.1825124490354,507.2338339999996
553,137.49488441405003,-208.11820239548572,505.88260299999973
554,85.49163602637243,-296.78471332456917,506.1992759999999
555,-3.0932031701796223,-284.1256123696361,506.1426869999998
556,177.60586343950126,-316.1197808748763,505.425154
557,185.4781298764702,-280.36073006558235,505.5458460000001
558,3.7623941890581047,-260.2976192926988,506.4103800000001
559,405.1762047620001,21.984559106184168,503.86684299999996
560,178.32407577082398,-345.2820547793154,506.04888200000045
561,230.71403979175724,-158.09732921279036,504.76056299999976
562,171.5007655406499,-379.2450539990235,506.2831939999999
563,137.79925940196844,-231.79828398115933,505.272299
564,421.3536485704407,172.93309087346307,507.05855199999974
565,259.37014996823854,-14.471489302059636,507.5227770000003
566,417.6066917369689,133.05492074606008,505.85154999999975
567,166.9646423763153,-464.2096645421628,506.6641739999999
568,242.69647629899438,-228.02841124862434,504.60176700000005
569,166.43962976460577,-412.07574416104706,506.75710599999985
570,196.44322657001322,-299.7422959984653,506.1742670000001
571,190.70623452497878,-241.28365933948197,505.5650279999999
572,430.9697711580829,60.18048120344058,503.1421899999998
573,40.603415782852096,-250.24933296163567,507.01468299999993
574,446.63077876108815,197.38757618241942,506.9451679999997
575,156.41893861051068,-252.2490992168151,505.4963269999999
576,223.745453255428,-231.52678600048645,505.48159899999996
577,218.08625711451518,-242.08618870747276,504.96551999999997
578,66.95928111103946,-341.8045602108445,506.0101239999997
579,4.061346536549973,-219.84965745075607,507.44810299999995
580,162.9896970699483,-435.5496914799418,506.4889849999999
581,201.74168484486523,-273.5161941849347,504.368478
582,352.7821624806698,-61.51213162808679,504.29787299999987
583,342.4197145708278,-60.43535776456818,504.59928299999984
584,152.1691373578168,-316.0064087516814,505.929116
585,173.83807254096843,-187.4452819656208,505.8430679999999
586,2.2132505712273995,-209.20184921716339,508.2911789999999
587,256.951236813165,-179.8115378690511,504.2767620000003
588,462.328841103575,196.56152797552758,505.95008299999967
589,79.3687657115073,-198.63664991871454,506.32015499999994
590,53.22770635592635,-166.8586432391312,507.4219940000003
591,388.91970417039005,36.45133930406533,504.99647600000003
592,174.88826263617958,-343.62362692646684,505.53301999999996
593,206.80606577859493,-290.594768633591,505.01042899999965
594,213.9606142990594,-322.28130636648274,505.3921579999999
595,434.02492104810665,135.49208670062012,505.87966600000016
596,127.4325436925015,-157.4279846802447,505.58918599999976
597,376.62868294050685,29.87021753286943,505.4247820000003
598,165.79889170721523,-253.859629854979,504.1433580000001
599,185.89348544217063,-228.2326451943349,504.6839779999999
600,164.3358939941216,-386.50300594521684,506.2116539999998
601,108.62978594715125,-131.2920330414828,506.7261450000005
602,106.47382059300668,-117.15755776981823,507.40931200000006
603,170.5621446037083,-308.5697976928018,504.9982600000001
604,218.0252690086281,-264.33281201593576,505.3589320000002
605,407.9640764269675,107.67790784009732,505.5491039999999
606,461.9282308006578,190.77099434920586,505.9501079999998
607,50.771138940373206,-267.1199984722491,506.01198799999986
608,448.8746622602339,136.41965253982693,506.217515
609,157.46531450427253,-265.76479696040974,505.01788500000026
610,419.37598906254743,93.48993668959476,505.93311399999993
611,254.2668828909949,-208.8569292264618,504.0589899999998
612,187.4147142457601,-241.60875661068596,504.20637999999997
613,153.04024452489918,-388.19660141770726,506.3382679999998
614,24.700910513921407,-163.3683745974861,507.32181200000014
615,302.7533241638937,-152.60590437936597,505.68646299999983
616,165.91234856528115,-315.2403913497459,505.2648929999998
617,343.59585452013533,-65.25422008432447,504.120873
618,213.51965257669914,-294.1784699244145,505.4970550000001
619,173.75468450734041,-156.78480431377886,506.21764900000016
620,317.07655365425626,-113.18633882384748,503.42831900000004
621,134.25726883474388,-380.93195887270383,505.9159009999998
622,222.44691615632385,-200.83105066147633,503.99461199999996
623,304.0171439188253,-121.52192194639706,504.36734399999995
624,170.08299040242912,-285.5400362996385,504.93064899999985
625,128.6395393786847,-170.92899357416667,505.317444
626,81.21663870197489,-319.1419978239387,505.6448539999998
627,152.68949723380152,-231.09915366352536,505.5344000000001
628,194.726924083638,-340.1955084651243,504.433906
629,104.98528584455023,-120.845150704626,506.89879
630,312.49006829980993,-2.3568098279275,505.1924520000002
631,169.6627595579694,-333.211785446899,504.7989979999999
632,179.93237445189035,-206.6221280309744,506.045514
633,103.37521540269721,-134.14064913510344,507.1598909999999
634,431.91799891523317,159.53281457549892,506.05318099999954
635,259.21296921216066,-202.1188035546802,505.2104020000001
636,294.35823179558616,3.0845339225698263,506.011984
637,277.40710704300784,-195.96479372811504,504.78606000000013
638,80.15970717467019,-139.99421694158576,507.08173000000033
639,457.91023718086535,167.88814369325527,506.6878809999998
640,479.5374260286358,170.02049544293433,506.15021200000024
641,109.09866774710594,-123.05993792522699,508.0827269999999
642,174.7019818426657,-295.1934216324985,504.76512700000023
643,214.31642277737964,-25.29753521920182,507.04382900000024
644,159.58027711986563,-266.9373874920979,504.3112079999999
645,263.3882183761639,-55.48353411152028,505.93407600000023
646,183.58577875659802,-305.54446395000446,505.206233
647,290.78326599547637,-132.83178366117178,504.6728010000003
648,155.10469249399728,-180.58511541401967,505.24574600000017
649,433.1453171508713,173.28477373963221,506.1213639999996
650,66.07412503698143,-162.01388806896284,507.0564500000001
651,344.14488536229123,-40.67033167945221,505.4307369999999
652,204.513712965874,-249.7071098049823,505.56026699999995
653,417.975019538129,173.89255964896643,506.8384719999997
654,459.4722756319272,174.32700378715992,506.5232649999998
655,290.76518151040773,-107.43066703085788,503.98695399999974
656,408.3651010439405,20.30161499597132,504.999518
657,147.69357984061352,-288.2454644624982,505.719565
658,161.45544943669344,-401.9234549911786,506.4502959999998
659,431.2080804288143,143.03101043525152,507.29201700000004
660,135.67749901599018,-89.30419604121707,507.1146690000003
661,139.59980592428707,-253.74618879091926,504.8440520000001
662,129.7905185580568,-373.3219693483971,506.55358599999977
663,78.44080485357554,-153.35171210335568,507.05588900000015
664,157.18536476947833,-231.90475312337279,505.5025299999999
665,311.8637613632728,-93.93355663107708,504.64408199999997
666,136.0199822046631,-180.7093635130953,506.49087299999997
667,175.9794094001327,-44.06307569885627,508.4295459999999
668,177.0955909399106,-351.11905342970977,505.70370199999974
669,451.3260494036658,190.89945340009407,506.26363499999985
670,246.14227963267942,-263.9611007194407,504.6997889999999
671,225.3529700728855,-165.60636486319825,504.82175600000005
672,38.55907093554502,-172.33274056719617,507.59446099999985
673,76.71135659230058,-204.45204561870545,507.23227200000025
674,178.415409204514,-212.90700094276107,505.60818499999993
675,265.25754381371894,-247.93443694851362,504.07563199999987
676,186.8820147272374,-96.44162158274092,506.4899549999994
677,419.2760964478785,52.78876954413019,505.4602779999998
678,161.67046741988742,-249.95593291627245,504.219282
679,376.947561841883,-5.415406420882792,502.6698410000001
680,136.32857209057198,-181.9190019704774,506.7678960000002
681,419.3655345637188,173.0662657011859,506.74070999999986
682,442.02472807727287,172.3553064673487,507.50338799999975
683,239.22265077299323,-258.4606312907953,504.8377599999998
684,35.108236178060764,-201.28957517289555,507.5807419999999
685,246.3116206055414,-41.956471134303136,506.23033000000027
686,422.91817507985047,55.02580242170952,504.7100259999998
687,388.07596694936046,12.683945238087325,504.57950700000004
688,169.88483185452876,-69.83263227058575,507.31716299999994
689,246.27600605463843,-139.41680059063248,504.9991160000002
690,247.62797202840912,-264.8112048367877,505.5516829999999
691,189.77031683551613,-322.8926594090834,504.72140899999977
692,148.66606166071142,-201.91006955035962,506.3068739999998
693,448.29674605397156,165.0398856471572,506.44834899999995
694,160.559549405335,-541.2772714404948,508.15684799999957
695,220.5462205026031,-187.46366359886713,504.4323339999997
696,173.95391850098386,-275.9222211119998,504.0758650000002
697,9.77138410164509,-267.3371910746396,506.7017719999996
698,475.169352179087,194.2249967656005,506.1132129999997
699,150.88019012616599,-314.03265099006705,504.90768499999996
700,387.988997327321,-12.899315353613346,504.10325900000004
701,321.9053366134304,-51.27763382497243,503.82349700000015
702,5.539511302682804,-187.8941169513203,508.31365299999993
703,154.23261766008335,-220.1992531879805,504.447442
704,175.4447769104887,-301.12601678522304,505.2304060000003
705,252.84620578943404,-166.7143444708176,505.01277599999975
706,310.49814412018515,-112.08922184875235,504.8350520000004
707,404.71855947598,98.18517804941162,505.66904899999986
708,166.19054814935663,-285.3666700656433,505.15387099999987
709,381.07500225505675,0.1723688164819032,504.27399300000013
710,464.5872720817081,176.6299274424929,506.1507939999997
711,211.42112676715013,-138.83573037440888,505.403093
712,170.50907208377845,-231.45206745753066,505.44987000000015
713,342.11086072007544,-62.01698216972873,505.65350900000004
714,225.16485850934055,-18.37916813114658,507.5303290000002
715,465.79691155254494,147.5725770707708,506.07838500000014
716,202.12015431492705,-106.6629427869711,505.50557399999997
717,284.08474036662255,24.015395447686316,506.9059310000001
718,14.736368507776643,-213.03166491089388,507.79348899999985
719,157.1293971171661,-305.64520655368455,505.86961499999984
720,175.80989675835824,-213.46446892381647,503.8456739999999
721,225.94749754520947,-219.38623702660203,505.14219599999984
722,176.5716653029248,-233.39511762828567,504.3581789999999
723,412.9762190801615,99.12660989577881,506.5844629999998
724,273.7479662104254,-194.15390539933927,504.7611239999998
725,167.50047013466013,-345.8624322512932,505.8988099999999
726,219.18573575110756,-261.4695548861567,505.18395399999986
727,106.18675247140928,-131.78989609411917,506.983066
728,441.5664142459235,131.15816880699248,506.70832499999983
729,224.25160838700364,-220.08961276640184,504.86391199999986
730,176.81483217023197,-242.93081425065174,505.663139
731,68.35851879698457,-155.20272623359224,507.2719050000004
732,436.6034209028375,120.83734371073544,506.0153069999997
733,6.539848744031042,-188.04428013988772,507.75016599999975
734,157.95795562338782,-354.7314674746059,506.489801
735,457.0900456527516,172.163717608694,506.7746699999997
736,164.35858594718388,-459.45222852386536,506.9768699999999
737,214.9398313569196,-238.3475617493037,505.1851260000001
738,441.38711852602194,173.44613314554095,505.64316399999973
739,180.2689728354488,-308.2681836782396,505.3992379999997
740,320.06017613121656,-55.58144458026625,505.35008299999987
741,236.97398814312766,-213.92023357727564,504.8797260000003
742,149.58878833886467,-211.4112835139595,505.75695899999994
743,222.88184719018406,-266.8088039028179,505.0912929999998
744,199.14130393147119,-161.5642813903,505.00976299999996
745,323.1575583366537,-95.22633219938726,505.0213639999999
746,156.24181176715064,-200.87259419795126,506.3669520000001
747,-16.36430562178255,-309.25546675241554,504.5844870000003
748,432.5863441830373,170.65371607966722,506.2667949999997
749,168.15367108413716,-253.42181984633208,504.95676399999996
750,238.69955485141952,-149.64960378292017,504.513234
751,150.5594576052134,-404.8648643632699,506.8523800000001
752,448.64245715534196,143.69432375499048,505.01720999999975
753,175.9005755896296,-334.18256274642425,506.0375709999999
754,381.6286762552778,7.367597928494215,504.3328259999998
755,337.7293006868102,-78.99354528081604,503.8314369999996
756,155.98873689830188,-328.69385106919333,505.43499899999983
757,94.87736224300578,-278.4758726476226,505.6190819999998
758,43.36447065383429,-249.50883145949803,506.49366199999974
759,187.16496897762642,-292.45505864446983,504.68456399999974
760,14.823004149205516,-239.59351646969094,507.37761699999993
761,228.57082140693558,-59.300579067850485,507.19985999999994
762,148.4580552665936,-304.9667106785532,505.5804619999999
763,81.01492477890802,-262.8751332596969,507.2342870000001
764,157.92306670839199,-241.56384497987108,504.35080700000015
765,250.25688184083788,-172.455952329617,504.56026000000014
766,358.169535635896,-47.026676242183896,504.83334999999994
767,170.44292866837466,-141.76775155864655,506.6716499999999
768,223.26728069112986,-133.2931480909884,504.70896099999976
769,85.45909057287848,-132.71919657401742,507.24325400000004
770,163.10196757007273,-418.80713142031806,506.6096820000002
771,151.59128180895698,-82.84685090279207,506.8837770000001
772,218.52239278314403,-42.16800391486846,507.051822
773,425.761580710304,112.5774887809623,505.2539799999997
774,186.7064221955824,-256.5889137772657,504.5108020000002
775,155.05521962753963,-459.28739205279385,507.4824449999997
776,84.2862567617686,-210.346881198287,506.8532959999999
777,160.68093158301548,-400.39953964098356,506.47533
778,367.0857158207858,-50.88323431577533,503.78583199999963
779,168.3149721661338,-270.8948471779656,504.07277399999987
780,187.3588176050538,-331.2471023030952,505.6840799999998
781,460.5315347792802,198.44081675155087,506.1944209999997
782,469.61959945881506,141.591583214337,506.30043500000005
783,104.81623390024528,-205.05328325876965,506.42543200000006
784,386.26924199625154,23.877176818028094,504.451286
785,242.43353106576717,-161.62762691624462,504.93879199999986
786,445.59876346618285,147.27361839102582,506.8729389999997
787,336.86545430449655,-67.29324482020922,502.886241
788,163.56694197571605,-456.34907834758053,506.862064
789,357.2079501284985,-38.79201029932126,503.11637800000005
790,167.70696500502527,-375.62456275470555,506.0022619999998
791,156.30577252603484,-366.3413842510525,505.95247300000005
792,105.8088086869719,-127.89480230674148,506.9686050000001
793,64.51421634184312,-214.39240393016487,506.946519
794,213.7749075851834,-83.52783198449761,506.32293300000003
795,402.3796165572689,36.68511218213476,504.941375
796,206.78890116291936,-272.9198424499575,505.08556400000015
797,435.5265682744386,137.90160626037976,505.4590029999999
798,214.6136897177377,-215.40955729770474,504.64559600000007
799,305.58834986387285,-85.25466362043284,505.6615369999996
800,104.2206088704057,-336.23869926977903,505.7987299999999
801,213.26476607138176,-251.23123976143077,504.8496829999998
802,326.9684059697774,-78.38028635727241,504.4999750000001
803,295.3360768639203,-133.69153505026364,505.1957239999999
804,265.79654681715533,-184.00799993028863,504.134954
805,423.9884808554675,137.33849402477964,506.7810139999997
806,112.36593376419158,-196.18233993050643,506.48119400000024
807,168.57680742538884,-409.4980900886655,506.08505699999995
808,142.28800915180355,-301.7759500193968,505.2755490000001
809,383.87819585922523,-38.414681435199455,502.97167999999954
810,454.60707145305,189.7587835960556,507.04164699999956
811,166.92305881621317,-342.97714518268594,505.4940439999998
812,346.55358326166055,-59.0601811960619,502.61098800000013
813,194.4822239824408,-205.16187622407452,504.945122
814,175.85164183072862,-291.6489999495354,505.38285099999985
815,-6.831935464139097,-292.6789874352701,505.170587
816,21.514654790795177,-248.53174829581752,507.56946200000004
817,169.498895900778,-274.65073714841157,505.1489600000001
818,165.35150804899166,-349.7866279747896,505.69798800000007
819,328.59265922082704,-87.9787747547403,504.65135099999975
820,218.4039893432765,-284.9832721825037,505.2655979999997
821,155.38214791919688,-442.50263463042677,507.06721199999976
822,63.786857468346135,-207.38900163378565,507.3171379999998
823,102.11092339906376,-364.3851207872108,505.97050099999996
824,405.5712519224198,143.086026349077,505.5352189999995
825,215.99345699624158,-86.71588727099821,506.443634
826,401.2335407722916,51.69844546697102,505.9369679999999
827,392.7106328416732,10.368503257837146,504.11647299999987
828,438.6338854574866,72.6481156140007,504.0179069999999
829,428.785673372295,135.58784777139314,506.8096869999997
830,417.78211423808824,98.8444005077891,505.75222099999985
831,257.51120600142633,-61.80551165829413,504.6955810000001
832,273.547391124164,-178.7833495170437,505.52122600000007
833,45.50692541460274,-265.7008721090574,506.4194620000001
834,368.53414770376867,-32.5021714220196,505.93378600000005
835,183.56417136077187,-306.7989050670806,504.69286900000014
836,155.65786270481303,-480.0124806943163,507.2460029999999
837,262.17211251026833,-225.6232416342944,505.07571900000005
838,158.69026824830217,-213.25139275754802,505.45714800000025
839,210.12127541703404,-265.07207035858187,505.5531549999999
840,108.70362658466212,-136.3923975492548,506.2890509999998
841,163.4026991251949,-207.4380419323314,504.9612029999999
842,415.2026022186654,47.08547389745712,505.55678999999986
843,149.97722629560158,-451.69459326415324,506.82844099999966
844,109.63988825349603,-125.54645107612946,506.8722640000002
845,156.52230072925215,-250.66928617688828,504.39898300000016
846,183.0823298100743,-260.0417008331232,504.14844699999986
847,347.5750489459746,2.3887605797871947,506.00057299999986
848,174.97286642860038,-350.3342363017332,505.95820600000013
849,358.7392887837533,-33.48158189572394,505.158586
850,369.13228552793385,-44.57903127786703,501.8908709999999
851,129.6791696466529,-246.56556958020664,505.5965910000001
852,209.69507221919486,-133.76447336252778,505.9954480000001
853,371.83479744390354,-9.904932718733326,504.065231
854,416.47821808826177,69.04587701695971,505.31997999999993
855,170.7361582971667,-335.396856935313,505.3118179999998
856,173.5840431002225,-199.78780206844212,505.24289000000005
857,209.70301244006143,-277.7481274276506,505.98441699999995
858,321.4024345147947,-141.87734194243328,504.51493200000004
859,190.62768115928512,-88.50214925940149,507.1332349999999
860,433.47603322843673,135.41366759047844,506.2050879999999
861,140.86127809094847,-304.1582234865241,504.79638099999994
862,241.25926110821428,-195.18298887072132,505.1088459999999
863,160.99035973552847,-467.34292296873406,506.84203699999983
864,66.30469266941654,-220.7155823823251,506.66439300000013
865,261.43731587838965,-55.82005999722518,505.71707100000026
866,198.87821249984438,-255.0871840389166,505.47114099999976
867,170.6307785764255,-286.3687987747043,504.0290169999999
868,187.2815362934291,-279.16709589411505,504.2375680000002
869,172.6019426764408,-313.9246940595284,505.33709999999957
870,143.3733685566578,-51.77741721404716,507.43894300000005
871,284.28349549804466,24.079126819940285,507.6246419999999
872,122.87167028246215,-243.97500466480852,505.7181510000002
873,105.56518329707673,-120.29564872808754,506.78329500000007
874,167.50334507404827,-388.63205409374086,505.852161
875,409.3057947260933,70.17279534419998,505.29343599999976
876,377.2768354427675,11.661455625928939,505.57478500000013
877,420.5544875861774,114.62655108288862,506.2487619999998
878,170.03115407042205,-346.7196850904357,505.47667999999993
879,282.8847884869517,-159.59532947336322,505.37379699999985
880,146.27863818423123,-132.07018848150037,506.05611500000015
881,456.7168067138258,186.94979181453584,506.9492359999998
882,161.60560326642474,-431.6269323948119,506.52894499999985
883,227.61197797316825,-198.94442302019334,504.7079910000003
